Date,Garch normal o=0,Garch ged o=0,Garch normal o=1,Garch ged o=1
2021-09-22,0.010384737534569592,0.010490786679206195,0.011533999379420026,0.011359969853023398
2021-09-23,0.009717652752998409,0.009726602895431839,0.009553616269897647,0.009607428776335398
2021-09-24,0.009597661696460492,0.009562976664821922,0.009302376708040084,0.009399807312480322
2021-09-27,0.009166994574193628,0.00926337481553896,0.00895694277525707,0.009105540491088759
2021-09-28,0.009245589715158514,0.00910650486699913,0.008931644069392366,0.009705060673638483
2021-09-29,0.012501217956040549,0.011299232205618159,0.014631485458477164,0.014670316823846542
2021-09-30,0.01603794782096076,0.017007148873519787,0.023785429305275396,0.022607941882639603
2021-10-01,0.009037951718884574,0.009369778593278649,0.008895343463473804,0.00996139635668176
2021-10-04,0.013798815793736048,0.01313188702011862,0.015019377764287148,0.014853814076410602
2021-10-05,0.016177528337570805,0.015654047818836413,0.014613943655425494,0.014532028196612477
2021-10-06,0.01663051050987635,0.01637547120706773,0.018836256517531513,0.018955489332647103
2021-10-07,0.014812681152794596,0.015886321176578688,0.015801112580985353,0.01593851675063231
2021-10-08,0.014147535768143234,0.014305890992249107,0.01335742224922064,0.013587597886398508
2021-10-11,0.011185835451992462,0.011466118382461555,0.010811677289019626,0.011223889681324352
2021-10-12,0.00920798531515067,0.010151913491409703,0.009510446517214005,0.009180122839110134
2021-10-13,0.008590960959612835,0.009585158192354962,0.009032564513087621,0.009009249017986547
2021-10-14,0.00986430345885877,0.009881029628106964,0.009119070652994032,0.00889569431252132
2021-10-15,0.010156843073291334,0.010543368686931816,0.010324942431858879,0.009886932642980009
2021-10-18,0.014034354970742176,0.014290852877655535,0.011861127351385585,0.011792182015515223
2021-10-19,0.011432999650546616,0.011718326385817058,0.0097438903607467,0.009948653141595468
2021-10-20,0.01048732967938832,0.011015435315130093,0.009812288121097525,0.010528789513609957
2021-10-21,0.01003711815057303,0.010216244233478443,0.009232007947888065,0.009202309909467453
2021-10-22,0.009494127659380494,0.00990548543449429,0.009270959562729083,0.009437114045564833
2021-10-25,0.00984151314217123,0.00993936671121235,0.009502626114325027,0.009159170946705378
2021-10-26,0.009740734500138414,0.009962404776726486,0.009519362565089111,0.009795546307052224
2021-10-27,0.00956725747863783,0.009724901367084393,0.009435313733927765,0.009439715511260357
2021-10-28,0.010073688469188472,0.010647095274192834,0.010203494561242536,0.010222940894947491
2021-10-29,0.011654657511145841,0.011521913492364675,0.010053729282855379,0.010059633204332088
2021-11-01,0.011553878555582526,0.013043216112867214,0.010131469669409796,0.01041567377776433
2021-11-02,0.012703608163621137,0.012805183525308335,0.010166910841504262,0.010273985160618164
2021-11-03,0.011408565916686186,0.012672534621426538,0.01096528601786689,0.010858923309259689
2021-11-04,0.010794866106490612,0.012542783971386355,0.01045605255800551,0.010508264288698157
2021-11-05,0.00995790991399782,0.011280488908102322,0.009860846849622669,0.009976373847914714
2021-11-08,0.010284246456944415,0.011058814753466862,0.009995367152059795,0.009969434039521068
2021-11-09,0.00961315396432006,0.010326551449469416,0.010019104705682179,0.009513943560198147
2021-11-10,0.010038973514138464,0.010257247870106128,0.009854748091744824,0.009393881744475472
2021-11-11,0.010486819152052993,0.011339672599207795,0.010340256706592275,0.010696745190271374
2021-11-12,0.01200291753803044,0.01112056227445045,0.012449923411296134,0.011670251566696795
2021-11-15,0.010542254455388742,0.011439836954384814,0.01125603203024863,0.011241108714276696
2021-11-16,0.01150655585922475,0.011653622575050085,0.010452404649311771,0.01050467684118185
2021-11-17,0.010795961187197247,0.011385081428983083,0.010183806091211575,0.010278581585091123
2021-11-18,0.010320403887951853,0.011264113031042307,0.009895908920270778,0.010135343614168792
2021-11-19,0.010109402117019635,0.010612843355604466,0.01007245211154624,0.010222880719714247
2021-11-22,0.010020068062630077,0.010502466848808522,0.00968654729628532,0.00984895639879888
2021-11-23,0.010064991296524401,0.010239294896348361,0.009808027055467036,0.009700405634294917
2021-11-24,0.010687800976140456,0.010397515778695273,0.010907863339335189,0.010627468543457828
2021-11-26,0.010375590451741308,0.010494557431089816,0.010788632827435817,0.010568573148071445
2021-11-29,0.011525043778252989,0.01170125919806941,0.01081949163559283,0.011027547821807511
2021-11-30,0.01338625960603003,0.012131125152340055,0.015543521690061965,0.015525160068665684
2021-12-01,0.012688826761527544,0.012780662221146101,0.013613589304657855,0.014014802585083284
2021-12-02,0.01245689728870297,0.012293008114154324,0.014994671048387429,0.015365640792855868
2021-12-03,0.011284574147181332,0.01165533136802322,0.012919185976908859,0.01269731624229304
2021-12-06,0.011360630931516846,0.011706418745960154,0.012548912200797117,0.012321495832573161
2021-12-07,0.012007562277837957,0.011791507405959304,0.013770096560190698,0.014110861936232557
2021-12-08,0.012514458684767795,0.012761026459495294,0.014043467144124855,0.014425060441846065
2021-12-09,0.012846822620183659,0.013073731695184682,0.013736486998951658,0.01390036496027889
2021-12-10,0.012543693005874663,0.012958348967446265,0.012293313371095693,0.012537296171572792
2021-12-13,0.013178206837778612,0.013271159827500914,0.01379216216582825,0.013941343085581108
2021-12-14,0.013504368123569952,0.013632481059858226,0.013714249626238267,0.013896783437589589
2021-12-15,0.013152239141827603,0.013681347060794468,0.014833762636963344,0.014853721256524786
2021-12-16,0.013269704688623997,0.015857761552987775,0.02301141314089535,0.023807924136794077
2021-12-17,0.016441254985040937,0.017172294379959877,0.019956753855570865,0.02089691144626677
2021-12-20,0.016858773702901432,0.017823917058767107,0.02154640735792529,0.021994380726275232
2021-12-21,0.016223782267370878,0.016244442119398825,0.01764024319869856,0.019584140339499557
2021-12-22,0.015978545920358148,0.016069174156989274,0.017312370735969543,0.018464910184133935
2021-12-23,0.01491218403901207,0.015765795553705955,0.016732032537882368,0.019224408575335715
2021-12-27,0.014391489672126759,0.014626933119516341,0.018170325317896217,0.01861929401220262
2021-12-28,0.013934318054735344,0.014014828276429733,0.017279380582942254,0.015491530749856647
2021-12-29,0.014319813969150866,0.014520016837561617,0.01695502751846052,0.017316363295266007
2021-12-30,0.01432191224039933,0.015346515275331258,0.01692198056713418,0.016648406358230113
2021-12-31,0.014433609164157963,0.015550837108235389,0.01578111499402515,0.014884024594689273
2022-01-03,0.015298867875039712,0.015492428046978465,0.014243094658785921,0.013966515975265157
2022-01-04,0.013676612128678533,0.013482015079326667,0.012986275758827303,0.013028870871633009
2022-01-05,0.01382516923649,0.015440123172337065,0.013331229773801202,0.014033876479278676
2022-01-06,0.014683428014163318,0.016490360248657302,0.01757189549963231,0.01765526790269076
2022-01-07,0.01466410559538999,0.014724962534847272,0.025838440755406682,0.02632810857836748
2022-01-10,0.016149919412167483,0.016323064609920383,0.019436539818197967,0.01881390180500425
2022-01-11,0.014716513428577091,0.014713103903890044,0.016019665582976607,0.01705919543558458
2022-01-12,0.0157861072127611,0.0159324389300331,0.012492849513472534,0.012421338867923928
2022-01-13,0.015471778321139629,0.015598734258019789,0.012400659844584853,0.012481837092899099
2022-01-14,0.01507142670992509,0.01661451797881304,0.016500456222019927,0.016776897068997102
2022-01-18,0.016746705312047534,0.016447041194233583,0.01584700835738501,0.019766676003325868
2022-01-19,0.014599170860238389,0.017158352224708767,0.019356176048813963,0.019844922873713634
2022-01-20,0.015265122199160465,0.0154493202162861,0.014990866510093074,0.020038481875974228
2022-01-21,0.016027059866035257,0.0152856805364075,0.01860119439403333,0.018423216240856185
2022-01-24,0.014824769458119247,0.015306123460193756,0.01822519587275145,0.017720799685279162
2022-01-25,0.01622693819678845,0.016520385306757878,0.01615814717962635,0.016233444228568827
2022-01-26,0.014531646743894776,0.01649682762646931,0.01528021707074986,0.014803692203189655
2022-01-27,0.014795419703054888,0.017167538181721717,0.014761130468068857,0.015339243832218607
2022-01-28,0.014713771303402201,0.016983207739957484,0.016713831294841965,0.015129697857795344
2022-01-31,0.019053759627000365,0.019079542522302664,0.018848354764913196,0.019093607670417716
2022-02-01,0.0191592362129348,0.019168600101902307,0.019013462349183368,0.019191669883475614
2022-02-02,0.018829840566931263,0.01876059160610574,0.01716764273068569,0.018754803772897552
2022-02-03,0.018646376059473696,0.01833950712210311,0.01805915183636702,0.016369921618982645
2022-02-04,0.019207270280260404,0.018841594386542728,0.018457932469949166,0.01884869108914661
2022-02-07,0.01849204868975886,0.0185169434678034,0.016789340213699364,0.01826257009230042
2022-02-08,0.018943816658017684,0.016843953103896317,0.018858988596328223,0.018636264041036396
2022-02-09,0.018430545093661436,0.0182494521149096,0.018246980328424606,0.018154045711804276
2022-02-10,0.018533122683984837,0.018573799296951715,0.01853933107638459,0.018624313161146374
2022-02-11,0.017250548023000155,0.017763661457524442,0.018691075248994316,0.019765986479120774
2022-02-14,0.018973343926245213,0.01955611245989982,0.017401506020509314,0.01931911669437715
2022-02-15,0.018663888831724335,0.019204447675725038,0.017337825682074485,0.019100087910881847
2022-02-16,0.018616676792634283,0.01914788564889309,0.018514096303041547,0.018670389042006526
2022-02-17,0.018309398640851505,0.018972478717729863,0.018450350871807818,0.019162979065018234
2022-02-18,0.018548433082496405,0.019026938562605736,0.018448372147648984,0.01875129466241757
2022-02-22,0.01756077179271698,0.019027112601579896,0.017432368370260205,0.018817931713641975
2022-02-23,0.01721234883635973,0.017810479838897376,0.017362601729787642,0.01877403673709832
2022-02-24,0.01748385546766348,0.01890596406112222,0.017354507944967033,0.018743642966821152
2022-02-25,0.01941774866910509,0.01972052733094464,0.017970038080295386,0.019486598706206636
2022-02-28,0.01952489654959974,0.019595974077376854,0.01959522219970774,0.020294951244759697
2022-03-01,0.019208223019846322,0.020267607444693577,0.019206493913386368,0.017873757119796226
2022-03-02,0.0189212432574342,0.018948399941834417,0.017794959848841285,0.017680437765091556
2022-03-03,0.01854036988313942,0.018682236789482554,0.01800894359616014,0.017955636012690134
2022-03-04,0.017883082832056064,0.017772453912343767,0.017549354606230014,0.01784084638638864
2022-03-07,0.017911768132463965,0.01868391395832689,0.017713530857372775,0.017699347959512054
2022-03-08,0.01828686622360671,0.018293011776484805,0.018580376103225497,0.0190129046505934
2022-03-09,0.01814646357486274,0.018077404908495,0.0201617203797307,0.02345899708605015
2022-03-10,0.020274120573323676,0.02028176888891147,0.020893173160657103,0.020234608446320877
2022-03-11,0.0201510392139973,0.02036285559786141,0.018927030362298935,0.01901671130418552
2022-03-14,0.02034779121356969,0.020395126185276374,0.020197887054145002,0.02017815312721313
2022-03-15,0.02001836567538828,0.02014193978999313,0.02009825900362278,0.02005601787714515
2022-03-16,0.021794606560453778,0.02111483254402614,0.020580682687127316,0.022121596269212746
2022-03-17,0.02201367572639229,0.022008964474318455,0.022502766814949317,0.021465033738636098
2022-03-18,0.02167583572278519,0.021680914425455104,0.02046742147227499,0.021198152202956535
2022-03-21,0.021869911458019208,0.021123014499572962,0.02210253491132631,0.021183194864342305
2022-03-22,0.02168458024419319,0.021795657404198802,0.02180702339519747,0.021816451928805075
2022-03-23,0.020794098427461688,0.020731327135924862,0.021579794838806447,0.0215684931454929
2022-03-24,0.021439829671296966,0.021583460174237755,0.02143479354806588,0.021532607673150825
2022-03-25,0.019645986231831135,0.021178791606347877,0.021043693571769266,0.021079791191487864
2022-03-28,0.020015976109820137,0.019556558415840277,0.02026861906872792,0.020313615291014914
2022-03-29,0.019791615553669734,0.01973714409045038,0.019228258365718984,0.018879866937382868
2022-03-30,0.019588871826728912,0.019526679732955365,0.019507155732965152,0.01871352763387968
2022-03-31,0.019158883184420116,0.019166102580112858,0.018726837240408377,0.01838765220135943
2022-04-01,0.019132803796978473,0.019115472337808907,0.018822873536653836,0.01829834229864212
2022-04-04,0.01901428584763235,0.018982677322945,0.017242742341954758,0.018453259009064384
2022-04-05,0.019004422489807854,0.01915992884252209,0.016676409322082152,0.017959636391466766
2022-04-06,0.01908657752799561,0.018975926984556357,0.015850036299700068,0.0177163045217659
2022-04-07,0.01933616417827335,0.01931800822113572,0.01883313643416784,0.01870634007697175
2022-04-08,0.019282404799896083,0.01869621831685902,0.018444261035440307,0.020451507490548065
2022-04-11,0.019053802344664774,0.01903188132709291,0.01962550671435177,0.019768044237164634
2022-04-12,0.019649986696859738,0.019712587716662896,0.020281961916700026,0.0203954692818062
2022-04-13,0.019542867676491032,0.019590672509344376,0.02179345191425813,0.02415164939167034
2022-04-14,0.01947684189396855,0.01948624519141272,0.02152375917383548,0.02243040489262188
2022-04-18,0.019712556097613826,0.019621121373323752,0.021149937751863378,0.020793042902933826
2022-04-19,0.01957908122425676,0.01963775991533002,0.021211099421783137,0.022011430676861433
2022-04-20,0.01947498394317044,0.019469268744624946,0.020346596288970984,0.01977851307487292
2022-04-21,0.018789034123694322,0.0195840268155838,0.019228735675843114,0.017995073260272266
2022-04-22,0.0192537513514796,0.01947286928561944,0.018884502972018873,0.01717578875581826
2022-04-25,0.019077100899134426,0.0189169243962609,0.01904737632923819,0.019174327074683868
2022-04-26,0.019622903033236924,0.01897253974210205,0.02057279192940841,0.0222675194012625
2022-04-27,0.019486753854923926,0.01973947864116355,0.020477317882256877,0.020477874751857444
2022-04-28,0.020791511781465957,0.021241937333642668,0.025930496770837048,0.03199606570296285
2022-04-29,0.021256073250931803,0.021806975296016697,0.02414216171001996,0.02657786643591481
2022-05-02,0.021548606957674805,0.023635728747352605,0.021951875339166354,0.022670733666744294
2022-05-03,0.022998190006977077,0.025638752675639222,0.03048893222107368,0.039640676842421056
2022-05-04,0.0225133498677048,0.02243299321167397,0.02658454207325701,0.029886639274989767
2022-05-05,0.022470640876025884,0.021696136726035715,0.0247440292139425,0.024498708618664943
2022-05-06,0.02499555174371432,0.025128054802939365,0.024085896176018723,0.02319218162773131
2022-05-09,0.025958273686357194,0.027436575802409394,0.03196685546730986,0.03887202551347477
2022-05-10,0.02575054639966106,0.0261944154751842,0.030719384075203172,0.03351590942934978
2022-05-11,0.025567585205258817,0.02594758292125666,0.03347433870859176,0.03861170137386458
2022-05-12,0.02535231748974106,0.025806697669344063,0.031055956952306417,0.03117586461327524
2022-05-13,0.026091909813437883,0.027109680079796944,0.03372910065551865,0.03717574713534184
2022-05-16,0.02578541915360407,0.026198219181184004,0.032525120469426586,0.03415138259218105
2022-05-17,0.02517981136856316,0.025552377581678158,0.029244075448840133,0.029655041599261946
2022-05-18,0.024154429334119903,0.02468747295901308,0.02674983923764748,0.026023530067640705
2022-05-19,0.025584654738506546,0.025625990185108832,0.028117646649739345,0.026580165779600276
2022-05-20,0.02739125283023021,0.028000030804639843,0.03406851398688879,0.035127093890593715
2022-05-23,0.026354383394404556,0.026661190588583388,0.031903505152036146,0.03494342016611894
2022-05-24,0.02708159996421005,0.025569244960398675,0.03088727753308109,0.03215088258501418
2022-05-25,0.026848255031055153,0.02617212016866338,0.0287842480268797,0.02971573242682881
2022-05-26,0.024693077025818456,0.02483419089725698,0.026970251102212277,0.02801172632165685
2022-05-27,0.023660163863378353,0.025851408374843555,0.02519250262569297,0.026014484497782674
2022-05-31,0.023654071788908503,0.023506065670376466,0.024658319697369535,0.024551779776443322
2022-06-01,0.024056399091069346,0.024489340662730123,0.022676389335901097,0.023421330101146352
2022-06-02,0.022714362737064658,0.02297818060396631,0.021510957702368372,0.021962718673991386
2022-06-03,0.020931461201568656,0.021188835128400123,0.019453638823781903,0.019735222913774123
2022-06-06,0.021008215122974436,0.021102409228651735,0.01966668632330749,0.01939263479444321
2022-06-07,0.021052535983737297,0.021438453400244226,0.020949021860381965,0.021453344307883867
2022-06-08,0.019873887909488495,0.020048327544925783,0.02012986759840699,0.020357113133498948
2022-06-09,0.019094469232047752,0.019537166091896496,0.01893486739441536,0.019333521493736613
2022-06-10,0.018931969313921538,0.01849837481599823,0.01893175706388501,0.018787045886006187
2022-06-13,0.02166352565211735,0.02161507261738206,0.021877135092877472,0.022366165805932575
2022-06-14,0.025858234402079343,0.0269727619544667,0.02857472838509668,0.034523649117928025
2022-06-15,0.02624648232572624,0.02774483274869163,0.029100683204991453,0.0329732999704206
2022-06-16,0.02571976939691286,0.023517038017866254,0.027473105860662473,0.024397563196307256
2022-06-17,0.026229679583345017,0.029040160390554157,0.026169573340714385,0.027729224435610433
2022-06-21,0.025635590545637403,0.025554300019165182,0.026147586702398154,0.026293041393115734
2022-06-22,0.02522358752239164,0.023929024371373175,0.025456033584475103,0.02386758172673124
2022-06-23,0.024556035298954674,0.027228296892098866,0.024271348614937047,0.026429078082477894
2022-06-24,0.023636745593795114,0.022345619895015767,0.023515770438426356,0.022309365871248665
2022-06-27,0.024266407168453796,0.026434038240184653,0.024699821337458853,0.025672773362763576
2022-06-28,0.02481430845102551,0.02933439364032088,0.025098872934597085,0.02844864690515316
2022-06-29,0.024608295310153464,0.022520639845373242,0.024775695903026824,0.022379698309508585
2022-06-30,0.024658689334140435,0.02625958005054539,0.0246534671679427,0.02559952931204254
2022-07-01,0.02395873487090092,0.024133996545811665,0.02408179572927386,0.02384180267645803
2022-07-05,0.02337300187012962,0.022509077926876942,0.02342663998528492,0.022332220247777854
2022-07-06,0.022960204698342646,0.023347603452833487,0.022990450325377516,0.023678220154439045
2022-07-07,0.02253802475987786,0.023754011454534856,0.0225999873855462,0.024233476318973435
2022-07-08,0.021960470840960436,0.023772278572548346,0.02211279647353641,0.023372524591304396
2022-07-11,0.020426624304523074,0.022784786491563687,0.020441300812353135,0.024160141437972755
2022-07-12,0.019247059505867775,0.021671427860237097,0.01917033914066367,0.02269393792283872
2022-07-13,0.021004949247554763,0.021523479324441663,0.020989594368315323,0.021596466879646867
2022-07-14,0.022968887712526153,0.02791830603644518,0.02291272900683988,0.027898645674398797
2022-07-15,0.021504434309375108,0.023713731243495517,0.018526564027115312,0.020654973551828482
2022-07-18,0.020215667576303466,0.020153590327503274,0.020233298917509367,0.021168311728690662
2022-07-19,0.020113692379712743,0.021580410917867884,0.017426055612444914,0.02215909664729735
2022-07-20,0.019119026572117,0.020473639488271623,0.01972983716936857,0.020410586055778838
2022-07-21,0.020359501211949647,0.020536294681038528,0.017401218347420675,0.021713868021902626
2022-07-22,0.019799326355548583,0.020327832854558744,0.01940595169736314,0.020480512301677415
2022-07-25,0.0171736699901513,0.019675019127491707,0.017197140578338873,0.018321535858681782
2022-07-26,0.019724068138389908,0.017804609987801614,0.01938301458249862,0.02114873936640445
2022-07-27,0.019729642410217987,0.018629390628671798,0.018618354332474375,0.01937292784682021
2022-07-28,0.01978649675595458,0.020559324246629308,0.0215558546061372,0.022124445074668642
2022-07-29,0.026416514274316,0.026695282209301317,0.024954567429530235,0.02465554015731913
2022-08-01,0.020135192265890813,0.020817391580788335,0.020799001827361063,0.021497899568859554
2022-08-02,0.019436874747019887,0.02036929615731137,0.019570728695098585,0.01957738632909952
2022-08-03,0.019582049331044984,0.020460901885681948,0.01979682328027547,0.01955228012645624
2022-08-04,0.020320763004822585,0.01963839883295545,0.020164194816303757,0.020130125938521128
2022-08-05,0.022262294845992143,0.022125068674851235,0.019270490642404967,0.01781320519963179
2022-08-08,0.018221854006091425,0.01843035114678029,0.017821973046361142,0.017838734565217836
2022-08-09,0.017702476926506186,0.017746757798709874,0.017538785975999834,0.017303324382419636
2022-08-10,0.017690525357630476,0.017197289119083036,0.0182996142046989,0.018728075599860235
2022-08-11,0.017343109577233493,0.01771133977489037,0.01713987847905301,0.017211259266705515
2022-08-12,0.0206395768040245,0.020468748712309016,0.01668775830435193,0.016275962957706232
2022-08-15,0.017956432668314086,0.017495595052513236,0.01788365644080362,0.01794177172906519
2022-08-16,0.017001805766328416,0.01702138818824667,0.014900360436263941,0.013702310546658561
2022-08-17,0.01425953377478405,0.014465099773028477,0.014160828473282297,0.014023472350695983
2022-08-18,0.014235643174354969,0.013673895539421874,0.013931653394536576,0.013722202857720597
2022-08-19,0.014231789632507694,0.014264677504000081,0.013609703071221401,0.014426704834774338
2022-08-22,0.01412418048941814,0.013909799157061462,0.013839212490900638,0.013920247206299382
2022-08-23,0.018574580811346768,0.018854153720006407,0.020079129894391895,0.020786562129007705
2022-08-24,0.025522066951806283,0.026980870049671427,0.033237190973289824,0.033546218282440116
2022-08-25,0.015827331549605427,0.015802210954388968,0.01704852528578517,0.016759993855293486
2022-08-26,0.01471730690110758,0.014470618146137369,0.012972549337474873,0.01266562529475065
2022-08-29,0.01729020749860057,0.017405611728292504,0.01577203757264176,0.015562430484632453
2022-08-30,0.024909186861633837,0.024243960857292923,0.03406688949280795,0.034454869791982805
2022-08-31,0.017891960133818652,0.017968503834227073,0.019938677514531867,0.020010372527725445
2022-09-01,0.017688148526551675,0.017824563547724614,0.018399275395977622,0.018025455777210757
2022-09-02,0.017266106442026908,0.01759013709423385,0.017346320957947355,0.016533630427819874
2022-09-06,0.016798647959636943,0.016430812786177272,0.016646918174656158,0.015555372078748422
2022-09-07,0.01860667165344925,0.018446179148616588,0.020439961814937076,0.019525155925962705
2022-09-08,0.01819172620933519,0.01562756304449608,0.017774141552817906,0.018010857035398894
2022-09-09,0.017414365397893247,0.016962872185504765,0.016043387249580376,0.015552051383606328
2022-09-12,0.015990274032040813,0.015639376684731896,0.015312029501743778,0.015231570928581387
2022-09-13,0.017705656247617076,0.01747643819575571,0.015447470940869547,0.01544516244816428
2022-09-14,0.019459532172803315,0.01936227720173779,0.01979662613767664,0.020455666790824445
2022-09-15,0.022389676409826184,0.01992786464136505,0.018473988521653273,0.018219521606161908
2022-09-16,0.018614004072322818,0.01891099926838171,0.01820021356670323,0.018078393511771502
2022-09-19,0.018765907604040087,0.018710014353555633,0.017841024357595974,0.01750026464536027
2022-09-20,0.018048326878587005,0.018143022716945126,0.017606054978000562,0.01721782324977433
2022-09-21,0.017902058626825545,0.017957407623941445,0.017815294316750403,0.018884983770264093
2022-09-22,0.017556441437530185,0.017624807423128552,0.017176563708398134,0.017959141943341164
2022-09-23,0.017674176723138847,0.017719081886047407,0.01731095186757723,0.016604136869944452
2022-09-26,0.016931947919928077,0.01703224893492867,0.015903116515023682,0.016785958015965205
2022-09-27,0.017165117784082265,0.017263577724483187,0.016762227155160396,0.016471048146830584
2022-09-28,0.016423143857334323,0.016536296436220597,0.015460362582969317,0.016182522638055346
2022-09-29,0.016441843997752205,0.016585711012236506,0.01562761408692473,0.016295876104059664
2022-09-30,0.017494476435027183,0.017490259035245186,0.01644996745512664,0.017835529354886883
2022-10-03,0.020133893447983393,0.019324976644664364,0.018021354879792464,0.017573143425878984
2022-10-04,0.019136460801619747,0.019093067243087288,0.019927116436223743,0.018094658469668644
2022-10-05,0.02371481929862086,0.02197606284439221,0.02156313452014754,0.024604220306262872
2022-10-06,0.02131312098280149,0.020744769569000673,0.01943895402073056,0.021515212057888197
2022-10-07,0.016747032535558055,0.017303408503793586,0.016072737874422854,0.017447882323471737
2022-10-10,0.018355341927856882,0.018408794908934,0.01794511456244494,0.01841967221366191
2022-10-11,0.022194589857094077,0.022947424697783096,0.031193688272755427,0.01872306377801944
2022-10-12,0.018763079541248374,0.019062727205421147,0.020343576697627153,0.01838888504321568
2022-10-13,0.01837775720883246,0.018354134721125265,0.0186822775236719,0.018083431358790078
2022-10-14,0.0186116308749658,0.018868528365271805,0.01861719811414322,0.01888027451471469
2022-10-17,0.019905192945660198,0.020739560190738082,0.021922334275470003,0.02336056082594035
2022-10-18,0.020279946198792528,0.02129172184489906,0.0202305612299995,0.020393521314462183
2022-10-19,0.019819774591441016,0.020986830592106438,0.02161334376315701,0.02609765645699793
2022-10-20,0.01867074125884158,0.019848529623724624,0.02111642183564945,0.022408834385204135
2022-10-21,0.019765935304756756,0.016881645482247087,0.021115790500593448,0.02030160377309196
2022-10-24,0.020274171003201523,0.020923009258286742,0.021040599467895382,0.02078977764472239
2022-10-25,0.0197381288627136,0.02285110238517135,0.024373242562970576,0.023460066320640603
2022-10-26,0.020780305249551993,0.021688421287917925,0.023147104270846295,0.023093991148327206
2022-10-27,0.023186690273288135,0.020389941734506558,0.021155134972934152,0.02052203114396409
2022-10-28,0.023038274188374966,0.02371395896577169,0.023926290434069283,0.024759742278697136
2022-10-31,0.027225067913792724,0.027109150284813217,0.0282601754429002,0.027081305004156554
2022-11-01,0.03454676334232037,0.03481354337717264,0.03786763759316444,0.03751142144169255
2022-11-02,0.023737844941902512,0.024598175917724372,0.027356297235017625,0.027553402863865352
2022-11-03,0.025353072575000104,0.025439424998769476,0.026400076977236175,0.026805451598491466
2022-11-04,0.028040046851422175,0.029076675581971773,0.028015535805465952,0.02990164200711967
2022-11-07,0.028182767593602845,0.02973630223540416,0.028967404016631986,0.029292985484650924
2022-11-08,0.02553447559764993,0.025171118561005214,0.02411859304044404,0.026483840279615468
2022-11-09,0.024729445528543156,0.025505607120028924,0.028563986297830385,0.024739003861384574
2022-11-10,0.026768762811031126,0.02788903571989777,0.027346032714234234,0.026911653296760357
2022-11-11,0.030117441753037877,0.03112914083856102,0.03088558294215974,0.03207913745428916
2022-11-14,0.030633947088127854,0.03067323848936382,0.0494367431212834,0.04887698485805678
2022-11-15,0.029181877536998736,0.03052389757052795,0.038539001543875295,0.038041380928748356
2022-11-16,0.03030922769885618,0.03065981166112124,0.034790295327792035,0.03376429372605547
2022-11-17,0.030435243462032135,0.029987235372198787,0.03285936959149759,0.026817442076076177
2022-11-18,0.025812698670155863,0.02616859453242856,0.031155002166194486,0.026180914293568874
2022-11-21,0.02604492466707158,0.02662577168278334,0.025567293951237052,0.02605656380378886
2022-11-22,0.025230288064378235,0.025953462346960995,0.025207431095060656,0.02584127499845296
2022-11-23,0.02749345538671998,0.02760781194061994,0.028349345999676485,0.028536538261202348
2022-11-25,0.0257550888088042,0.02551339293541598,0.02513716661450212,0.024876127019851188
2022-11-28,0.024065823062665855,0.023942928799805672,0.023955629354054903,0.0237361556858526
2022-11-29,0.025768381410189035,0.02549334716839109,0.026505530557953794,0.02628689297484357
2022-11-30,0.026536574653972318,0.02651343757591768,0.027829158286269244,0.026967139277143042
2022-12-01,0.027720945134450104,0.027538982653250197,0.028613236305081172,0.028474109693929925
2022-12-02,0.03203805918111828,0.031563261013357054,0.02705055853597638,0.02677982693507976
2022-12-05,0.023976815792125118,0.023025272054475188,0.02277788627875448,0.022919063602694356
2022-12-06,0.02376082012784282,0.022842070970744022,0.02238762463763662,0.023300602411186325
2022-12-07,0.02404045926598942,0.023553373509664494,0.022967373548698326,0.023226457021864422
2022-12-08,0.026189322172003936,0.02588706626924016,0.02792961882875657,0.026653990121424703
2022-12-09,0.025764876660159794,0.025699163874303495,0.02388818801985989,0.022693493121752412
2022-12-12,0.023481275666236673,0.023724467295043614,0.02142637420096714,0.020213576415509135
2022-12-13,0.022959782720168402,0.02333430996147757,0.021660812598412852,0.02071971637446901
2022-12-14,0.02384109548898454,0.024126125583724962,0.021466262826502203,0.020547789444706522
2022-12-15,0.02269440690750131,0.023044517268494144,0.021137119566576552,0.020028002761765425
2022-12-16,0.025386585960918875,0.02458649139189956,0.024315285518160732,0.023409592556225624
2022-12-19,0.03128726685974532,0.0307247157401385,0.037139412566504625,0.03754309638517828
2022-12-20,0.024182001451329566,0.02439045621475494,0.02423567557548659,0.024702972682818878
2022-12-21,0.02405031239697403,0.024087267259264692,0.02470290449471054,0.024352947165395582
2022-12-22,0.022836179500008512,0.023208363460078044,0.01952253267802209,0.02035859101534011
2022-12-23,0.024901620497911725,0.023924171175006642,0.020244858686729948,0.018996971209107344
2022-12-27,0.022357459565704698,0.021701396526750214,0.025448740834372704,0.02559661784138777
2022-12-28,0.022175827589241085,0.01903155934423639,0.020275543826037204,0.020009873493558518
2022-12-29,0.019423321391648454,0.023765336340945097,0.021563904079318442,0.021725431595372213
2022-12-30,0.026024831627198597,0.02599805941379204,0.02693491194654378,0.027306846833186554
2023-01-03,0.02495170026679655,0.024017420782555768,0.019622052486824727,0.019572871511017772
2023-01-04,0.02203825746667373,0.020508069233678934,0.018043985463325057,0.017992562600723943
2023-01-05,0.023868898443331173,0.022699131849222204,0.028396842784499252,0.028823939289283576
2023-01-06,0.01969530542710609,0.022182770897337632,0.02043224573385232,0.020415254651784107
2023-01-09,0.020506539409083917,0.023873122895973188,0.021939963285922518,0.021379486148308702
2023-01-10,0.022771239652634074,0.021125141989002148,0.020593117423209246,0.020663165133866016
2023-01-11,0.023340724535590402,0.022901721521059983,0.019864938307462186,0.017573455972272292
2023-01-12,0.02249511787843566,0.01924143967575226,0.019853436474668452,0.019992706133233278
2023-01-13,0.022944943459527786,0.022947738663866853,0.01715541501957212,0.01899223126963932
2023-01-17,0.022874329461553784,0.022619884488399446,0.019365199463535127,0.019478009043941716
2023-01-18,0.02280869533458199,0.022145558575234054,0.0198984560834999,0.019911353286443004
2023-01-19,0.022813616077513765,0.022505864226788186,0.01564512645910302,0.017962828980424353
2023-01-20,0.022604515253261803,0.02057783424261855,0.017865689961768558,0.018032774330228398
2023-01-23,0.021267178198172212,0.022764761354228235,0.018191645405913368,0.017854949571360336
2023-01-24,0.022129712943525146,0.02287870528045168,0.019891313870883724,0.01751759442554521
2023-01-25,0.02163372587609144,0.021645117556580697,0.01892472392488795,0.018160616376668662
2023-01-26,0.021373983154837024,0.020614587466539325,0.01642253022949948,0.0167244882097197
2023-01-27,0.020622188766033594,0.020620529503708115,0.017936295273629645,0.01782041105845559
2023-01-30,0.02060727649726774,0.019683803260319384,0.01579547781818469,0.016613818506771613
2023-01-31,0.020586257541082148,0.019216335568281482,0.01782527058086357,0.01671911549579566
2023-02-01,0.0197167478087878,0.019235117140534663,0.02715070867793936,0.026907892500704085
2023-02-02,0.01983602061340297,0.01983645613562915,0.016294154255400047,0.017090848755462584
2023-02-03,0.020299827627588866,0.02030800105805823,0.018319173808691525,0.017934663881241618
2023-02-06,0.020512174669939914,0.020533320745833833,0.018883555144919635,0.018386087340181313
2023-02-07,0.019295417984143727,0.019792764970904708,0.017713160243096732,0.018138085410689404
2023-02-08,0.018186804916333215,0.019331614775238,0.019086325606577303,0.01940043909592852
2023-02-09,0.019694873962249088,0.020590569515270878,0.019015926941024604,0.020178800427766604
2023-02-10,0.019535029111630058,0.02078434653452617,0.02019772598651476,0.02078042593205854
2023-02-13,0.01914354997330055,0.020880961138295708,0.018857417219148704,0.020784600569597106
2023-02-14,0.01951942334191632,0.020998823468863337,0.01924129835590248,0.020503701415472694
2023-02-15,0.01910839022983828,0.020037187515320593,0.018662395778979993,0.019512188044454017
2023-02-16,0.01758605192733383,0.01883029860973791,0.017922315902771817,0.018811193820034846
2023-02-17,0.01826220391400298,0.01914045417225849,0.01784144329447776,0.01771369880105901
2023-02-21,0.01761001493823333,0.018110872472596802,0.01845285378829464,0.018090818561217702
2023-02-22,0.01851388281521126,0.018646292701266946,0.018158767299555272,0.01816753064658952
2023-02-23,0.01831419358600068,0.017654954136396284,0.01846925077910902,0.01765499961874837
2023-02-24,0.01809757509752065,0.01816921475411858,0.018001087573237932,0.01715837165132
2023-02-27,0.018029927241073607,0.017261500903621208,0.017886588578016206,0.017266275353620013
2023-02-28,0.01781827641315678,0.01686437798607506,0.016823577171373835,0.017214575732484944
2023-03-01,0.017643552940399473,0.01766877256606645,0.017111988994053556,0.01718705315887368
2023-03-02,0.017451966608037762,0.01693184899556404,0.016859361174851702,0.016903796884446695
2023-03-03,0.017301832516581968,0.01666654704213589,0.01646190528593253,0.016955462571311048
2023-03-06,0.017228262673988807,0.016990016836672284,0.01719373664200883,0.01732707884798859
2023-03-07,0.01721137671705302,0.017280667200141358,0.017237109104341834,0.016952195722631364
2023-03-08,0.01707203388754504,0.016615893774284456,0.017019038876916758,0.016489032438831867
2023-03-09,0.017093860330786713,0.016327889979796215,0.017056187406853312,0.01632472058723547
2023-03-10,0.016244065365954286,0.016775423770658056,0.015946164742672374,0.01668516587105541
2023-03-13,0.01604852110722264,0.01691800288687681,0.016847111787708677,0.016847465029567403
2023-03-14,0.016140958963738624,0.016718424243394463,0.01691527710965756,0.01615942420341881
2023-03-15,0.017103436680069407,0.017125199739822284,0.01707703248503782,0.01709566478538666
2023-03-16,0.016645091603912705,0.016227209667574544,0.01639950355783515,0.015897482368793618
2023-03-17,0.01697719703957365,0.01633037870130708,0.016753617661149828,0.016161785201565637
2023-03-20,0.01681685425730718,0.01704324025100746,0.016531806989262387,0.01621615225557481
2023-03-21,0.01677598236212581,0.016803641608958916,0.01667251001870034,0.016710239234231622
2023-03-22,0.01666814601194874,0.016700802817632168,0.016781979265110672,0.01667117366376824
2023-03-23,0.016366901700174623,0.016370461292690427,0.01621682725982657,0.016235453270010834
2023-03-24,0.016404768261691384,0.015599223172278232,0.016336792811491373,0.016366929890088876
2023-03-27,0.01524064904305929,0.016673349281593815,0.01621203172330911,0.016246412890841087
2023-03-28,0.016178070205491328,0.0140787947018282,0.014794655409030388,0.014059063219642499
2023-03-29,0.014549454533796649,0.014603833940803739,0.014509188861711412,0.014423353870099633
2023-03-30,0.016046447770319487,0.013474121419512305,0.014375291211874641,0.013453840202584352
2023-03-31,0.015321383883655788,0.015577793771088535,0.014757031200279111,0.01480865386401984
2023-04-03,0.015575447843552378,0.015432645106507893,0.015094783015753583,0.014791596493986097
2023-04-04,0.015095393720429728,0.0147216474818438,0.014914983681193593,0.014671854719854946
2023-04-05,0.014755410274043068,0.014526982428113382,0.014521843294714362,0.014189931953998692
2023-04-06,0.013855523028583191,0.014146316196319342,0.013460807448014886,0.014054963255277778
2023-04-10,0.015164487966437615,0.014082455068926357,0.014345016456388918,0.01318668881419772
2023-04-11,0.013882285629712547,0.014586643634379295,0.01474136799057065,0.014769334132083116
2023-04-12,0.014331798122120029,0.01569746806094438,0.014779128523346221,0.014074931408538856
2023-04-13,0.014736316771759817,0.013908135961431606,0.014856862670594224,0.013908200678391876
2023-04-14,0.015581075424660258,0.015610558560449897,0.015337038687763573,0.013678909009708102
2023-04-17,0.015389270174093077,0.01612688405313714,0.015119646289535644,0.01460964417077505
2023-04-18,0.014957336195592842,0.013713042531734344,0.013340659841103397,0.014364213867715631
2023-04-19,0.01461370929848925,0.012705022432616621,0.014933627442839334,0.013140076833632922
2023-04-20,0.014829448421143351,0.014960184438744237,0.014692755183698994,0.013497323705371683
2023-04-21,0.014181012058804697,0.015555828319005063,0.012425251214903621,0.014685797827066825
2023-04-24,0.013343777788267988,0.01145612532562097,0.01254703814126183,0.012225339679712632
2023-04-25,0.013695506729577525,0.013530741296288121,0.01311609571192817,0.013192969019255447
2023-04-26,0.014055893784070437,0.012715593400720683,0.013158897436218158,0.012217622515311811
2023-04-27,0.018264926333054876,0.019268458043415048,0.019569311057009896,0.01975825205146953
2023-04-28,0.03395237065484505,0.03677225307613624,0.02852847854536291,0.029731850461134857
2023-05-01,0.025899172386099335,0.027932019284823934,0.018831148560029456,0.020928847880196912
2023-05-02,0.01514299694779844,0.01488892258502548,0.012945850647086093,0.012456064870640743
2023-05-03,0.014303173310129874,0.015014534888969495,0.013204823928372904,0.013599680151581238
2023-05-04,0.012492093561517934,0.013187876194342711,0.011910410540184038,0.011985516118133605
2023-05-05,0.011944645391115387,0.01272680812829333,0.010804906066182866,0.010756762662368727
2023-05-08,0.012097836158801086,0.012561155535422272,0.012368377186888166,0.012613077089271976
2023-05-09,0.014042369850638356,0.014187555460713134,0.012160856875409465,0.012170981471506368
2023-05-10,0.012406874515464945,0.012369081210578095,0.0115023414447011,0.011482036168332986
2023-05-11,0.01182958196721336,0.011694046619675415,0.011830379232550555,0.01185306285764813
2023-05-12,0.014316513534220348,0.014187610219156732,0.012089490016130513,0.012120727794807681
2023-05-15,0.012334397733109622,0.012365791142772413,0.011445805513116455,0.01189172816455244
2023-05-16,0.011017255286327327,0.010936014994077321,0.010362176957894102,0.010344843962641244
2023-05-17,0.009888671254720038,0.009354578741402483,0.009157219108229635,0.009004991413389474
2023-05-18,0.010091615025880832,0.009828222611672825,0.00896846990744038,0.0088622221716163
2023-05-19,0.012247201205382786,0.00956069912063571,0.010340905929339098,0.008473084240558506
2023-05-22,0.011699291498215842,0.011108747516521801,0.009538895155943684,0.00941748561850494
2023-05-23,0.01215345518375002,0.012320747767084075,0.008112926824311008,0.00793906180723162
2023-05-24,0.010236909274099655,0.009912500091008827,0.011097607248273062,0.009348564528460265
2023-05-25,0.014057460992875635,0.01595823911154673,0.018347489771633037,0.018397655808048752
2023-05-26,0.012680212186914704,0.012740423175523683,0.014439213008057466,0.014289025785462973
2023-05-30,0.021945083714506906,0.02161580573536642,0.016857910351406605,0.0169367282055342
2023-05-31,0.0168582961822377,0.016672277615894165,0.013294025818642675,0.013223480560077409
2023-06-01,0.012675620290620488,0.012354417270825375,0.011455582546474911,0.011121094791423208
2023-06-02,0.012563882984434605,0.012578593618193521,0.012329946217003002,0.012224812928306244
2023-06-05,0.011358187762079997,0.01123462453433408,0.010245612474726946,0.010106856343279973
2023-06-06,0.012244793546939753,0.010029261668295746,0.009429073250673218,0.008812900454358692
2023-06-07,0.01197565027821776,0.009386503818459029,0.00956224753768084,0.009654957620558421
2023-06-08,0.011818361159187217,0.011714245208936026,0.011824429475087645,0.011915589177789714
2023-06-09,0.021954486860786958,0.018263524684632472,0.02800519243611044,0.028067432057836086
2023-06-12,0.012569621093168264,0.012288217498057327,0.016794484872596382,0.016659558756833125
2023-06-13,0.01074295598825746,0.011426667475709024,0.012160905682228976,0.011658473684714404
2023-06-14,0.012005568921614338,0.012272947196504997,0.009381051801396435,0.008333412107063154
2023-06-15,0.010066396486504666,0.01040594252079521,0.010711205418791059,0.009892462912388864
2023-06-16,0.010947514769518791,0.011390768802065653,0.009468815044030713,0.00898064337118232
2023-06-20,0.017787092248601578,0.017264444133301325,0.011145910053606274,0.01034322543266054
2023-06-21,0.015434476808804661,0.014402626108056696,0.018065136576222215,0.018297733983496493
2023-06-22,0.013695822038415609,0.013327744147280813,0.016449638503588902,0.016504189230341783
2023-06-23,0.014516816861406247,0.013579546671695216,0.017222869708280276,0.016776424935009963
2023-06-26,0.0125872185363295,0.01291665863476482,0.011179358324309783,0.01117540132001264
2023-06-27,0.014656202907871554,0.013965809767446992,0.016510219425715508,0.016457646844000865
2023-06-28,0.016612229163921816,0.015420037421579805,0.020774926265053142,0.020573756786076345
2023-06-29,0.01309642980059103,0.013437326683685373,0.012657056099755903,0.011774416192941067
2023-06-30,0.010603932851429658,0.011299417385647954,0.0093675173309303,0.00964555190060877
2023-07-03,0.011210208646697504,0.011295300647654135,0.009938185715700357,0.010166990150020448
2023-07-05,0.013290881815787095,0.012843320070235833,0.01226843419251145,0.009696446357924559
2023-07-06,0.012281756527546941,0.012040381217768405,0.012382394027093584,0.012619004012412404
2023-07-07,0.010346784379472024,0.010552146401293464,0.01053116442502731,0.010448576595746911
2023-07-10,0.010604325901930825,0.011003577026185199,0.009971318204755521,0.010069239461766282
2023-07-11,0.013700970894750607,0.013345806526309336,0.01558528096862353,0.01574776056233437
2023-07-12,0.014909663762598724,0.013998128169588916,0.018593027245066986,0.018044678889852984
2023-07-13,0.009868848012376287,0.010134957431229701,0.01188839192866088,0.010003698518302555
2023-07-14,0.01281134725050533,0.011806770503530342,0.009736904844133388,0.009857330184329702
2023-07-17,0.013390948417472721,0.012202233962944153,0.010761252009100011,0.00994669921052833
2023-07-18,0.009913618217121898,0.010160283084096259,0.00929198107999712,0.009444837192111229
2023-07-19,0.010829764165013796,0.010993564790764632,0.010136016068058471,0.010090943385609822
2023-07-20,0.020363440298451576,0.020322375415727102,0.012479652037540657,0.013038604291837824
2023-07-21,0.014302079261034563,0.013919567308290037,0.015744022990625297,0.01561726471482117
2023-07-24,0.013405359952745968,0.013416493438633421,0.014841927268864704,0.011624032709740216
2023-07-25,0.012216015713652495,0.012961964883187299,0.011767605305779201,0.011662362471949815
2023-07-26,0.01322497848991533,0.012656332520607787,0.011263329099440516,0.011305585127560368
2023-07-27,0.013943271526136827,0.013958059422244387,0.011834103322892763,0.011854001393641768
2023-07-28,0.014134700522193892,0.014148026694294748,0.012335234478612643,0.013823084715760312
2023-07-31,0.014287574631866575,0.014396793667171153,0.012708298142822828,0.012868749464229445
2023-08-01,0.014145309471813982,0.014148728328656438,0.01322186789486982,0.012743689778338209
2023-08-02,0.013957457390588604,0.013937004330249794,0.01271663705452573,0.013707243153922475
2023-08-03,0.014142132012147153,0.014133415799489605,0.013020433261001834,0.014319759615260762
2023-08-04,0.013999159086682708,0.01416216153995363,0.013059191403576776,0.014001239198627452
2023-08-07,0.0138643597198787,0.013870252599301044,0.015034823421917637,0.01487985354231763
2023-08-08,0.012746439212419648,0.014214247878640748,0.018013846608754498,0.019914856210425477
2023-08-09,0.012718828820313742,0.013838876591806885,0.018374707390525456,0.014018461504459052
2023-08-10,0.01396416587879052,0.013850823981233221,0.015421900027084743,0.016069897487502594
2023-08-11,0.013214476809277387,0.013376928792743062,0.013385586923388275,0.013211614912221403
2023-08-14,0.012616738485270363,0.012511453582586759,0.012380483507640578,0.012446440377324062
2023-08-15,0.012516102813308646,0.012546084781680115,0.012104450922254898,0.012267330182706244
2023-08-16,0.012501014870870839,0.012417632501700268,0.011995483878719463,0.012290850361767117
2023-08-17,0.012110581753250665,0.011668079208782392,0.012851117668747728,0.011754706227013266
2023-08-18,0.011605514621137356,0.011424305430323788,0.011808875538045714,0.011096686649686532
2023-08-21,0.0124863282466129,0.011181698451656787,0.010723363698380076,0.009816211039192066
2023-08-22,0.012353415735014982,0.012144022231538695,0.012342596705114138,0.01030153249060337
2023-08-23,0.011911833868485976,0.011829853897466708,0.010856813078399672,0.010587819747306423
2023-08-24,0.011880486323479463,0.011784681185497754,0.010538629816735316,0.011071789207133684
2023-08-25,0.012394741755622057,0.012458981963259043,0.011929261811753578,0.01194611596304517
2023-08-28,0.012546780215718195,0.012825171540817758,0.012094199597189758,0.012122494869166452
2023-08-29,0.012341580408245654,0.012160451606615203,0.01150673353924738,0.011809849929182612
2023-08-30,0.01170540297425889,0.012173991563027767,0.011157978618854193,0.011550054817150351
2023-08-31,0.011336972854539972,0.012702245323663468,0.012754113007022333,0.012109932501264556
2023-09-01,0.012755165882057874,0.011471300968557295,0.012038083197531572,0.01149238386049393
2023-09-05,0.011191240055480254,0.011963516172443246,0.010056050318685734,0.010161810258649661
2023-09-06,0.01145188193640737,0.011868525480035185,0.010081551571412177,0.010517248821114704
2023-09-07,0.01148324496385788,0.011971430224614006,0.011292479883666757,0.010701016375327138
2023-09-08,0.012099672892835553,0.012093148419173921,0.011703246521754137,0.010768679985309624
2023-09-11,0.01155773666005161,0.01208816924578628,0.012593018903713865,0.012138782814418643
2023-09-12,0.011720590553219529,0.012012900043895585,0.012174325386480452,0.012965436056221778
2023-09-13,0.012338693433001455,0.012220574294493662,0.011751510235433365,0.012377960413788665
2023-09-14,0.012494032611632433,0.01244540087332636,0.011157258136056352,0.011696663437431835
2023-09-15,0.011799640126694131,0.012331650474036589,0.011983227401752441,0.012067087467854117
2023-09-18,0.011839737635331882,0.012344224829016771,0.01150248520853712,0.011492663722261647
2023-09-19,0.012843003623408495,0.012863448919956765,0.011639909985552891,0.01167137142677043
2023-09-20,0.011894574440307287,0.012430742278055082,0.010999305162342517,0.010422532047541561
2023-09-21,0.011920433465121847,0.012538844241010982,0.010611374774417277,0.010556061266688037
2023-09-22,0.012261338620367001,0.012893716680902891,0.010253520616916516,0.010886914689957155
2023-09-25,0.012407315093359385,0.011650783967095103,0.009739944403636312,0.00972938975258519
2023-09-26,0.012258679099978204,0.012192658803072689,0.009193095634788104,0.009112598416337258
2023-09-27,0.011701171462209736,0.01152705646670869,0.010037083298060119,0.010038618430835745
2023-09-28,0.012273322014264199,0.011944837477159884,0.01194840105789061,0.012034783802533216
2023-09-29,0.011777171278292926,0.011954556269102643,0.008881525434304425,0.009657426052876162
2023-10-02,0.011517689150103755,0.01159458407156374,0.010435015869639722,0.00829513249529393
2023-10-03,0.011793492854531852,0.01226875285052653,0.011653823863024753,0.011640916236972502
2023-10-04,0.012236876782494247,0.012349573490635622,0.012054289468256634,0.012012739829865431
2023-10-05,0.012570837629043125,0.012748398872612686,0.012482922594874936,0.012429393529221747
2023-10-06,0.012585517051240315,0.012711256751952628,0.012242514981338702,0.01212673670289138
2023-10-09,0.012290651292072184,0.012233532374254041,0.012311730714783933,0.012264860744575464
2023-10-10,0.01284736251199232,0.011319347323749663,0.01283492282594782,0.012844271891218492
2023-10-11,0.01297910119982441,0.012955259658031779,0.01288632316559641,0.013127286981793088
2023-10-12,0.011903819057276877,0.011854543333344571,0.01213160999579725,0.01180816415373535
2023-10-13,0.011932803396694378,0.011827451206910908,0.01187295120808411,0.01181942855136897
2023-10-16,0.011608655846729888,0.011628641428014494,0.011650590755033224,0.011571540057685722
2023-10-17,0.011749381490609605,0.011782751386059685,0.011699245644804773,0.011723599003541939
2023-10-18,0.011635616244825864,0.011569765403055715,0.011596724715667086,0.01151704945881457
2023-10-19,0.011391513482592283,0.01089083929143524,0.01133590192206737,0.01129471891955293
2023-10-20,0.011190386087367348,0.011019498554835755,0.011137290348827907,0.011319521711840154
2023-10-23,0.011064109068315425,0.010472337925792873,0.010553693701617137,0.010531379206211397
2023-10-24,0.01092772452775608,0.010941709566057648,0.010348634998612773,0.01035493099904995
2023-10-25,0.010925735256135218,0.010927645068081589,0.010533759563228133,0.010542494133142372
2023-10-26,0.010160622659464293,0.01010596877690086,0.009657021492626625,0.00964169228727457
2023-10-27,0.01383494638537679,0.013568677256959096,0.01777260290756191,0.01778328907291786
2023-10-30,0.013024706472412167,0.013356559346450273,0.012468009848266832,0.011915247399172416
2023-10-31,0.01339598547004014,0.01212839524143708,0.011908245944801268,0.011849249352021123
2023-11-01,0.012240311696516744,0.013352198989232638,0.014927288009682297,0.015010012969318717
2023-11-02,0.012164288307952395,0.013346091974743146,0.01227300879744069,0.012987327152289417
2023-11-03,0.012897859823512865,0.013916720241980927,0.013121548434956878,0.015943310740689512
2023-11-06,0.013770298459360269,0.013747204789571789,0.01378649996670551,0.014070593742853231
2023-11-07,0.013517369352207263,0.01358897608623649,0.013130545902794836,0.013046255777059056
2023-11-08,0.01189800123760309,0.013420581444474368,0.012196581404617613,0.012430030687634248
2023-11-09,0.012248429814067171,0.013219920471003755,0.012065555127485014,0.012282151497612002
2023-11-10,0.011954892619094411,0.012172795820435182,0.01159242200586861,0.011597559430272459
2023-11-13,0.012313490302292247,0.013385266674281021,0.011586887628495588,0.011604216465784948
2023-11-14,0.012617612201922928,0.012426861405056928,0.01501780787251409,0.014931419052057351
2023-11-15,0.013280137817705364,0.01308502853780958,0.011626611752008933,0.011653850721540961
2023-11-16,0.012265718815230578,0.012383975540715377,0.012010772308594488,0.012008295980769634
2023-11-17,0.012185712270484228,0.012337435560309194,0.01159813526903969,0.01161204100780544
2023-11-20,0.012928621609014687,0.01283678289906238,0.012861722065232865,0.012893359224790187
2023-11-21,0.012942777659545823,0.013060140714612787,0.01136990222103577,0.011361940242071813
2023-11-22,0.012986246309861253,0.013459964587382503,0.013630236340074806,0.013706820260380833
2023-11-24,0.012378712756040381,0.012481411273200346,0.011303627939483203,0.011287165639816374
2023-11-27,0.012382866679833899,0.012369282976828546,0.012038878155009135,0.012059200380061542
2023-11-28,0.012222332443285498,0.0121963729761687,0.011120801435862481,0.011123820185012788
2023-11-29,0.011591302424957232,0.011653835418548916,0.010899174119620842,0.01091256320465408
2023-11-30,0.011371453966647982,0.011378700098278507,0.010560063343237528,0.010602945501942218
2023-12-01,0.01186572197241001,0.0118783679938302,0.010150177372778544,0.01020839832441659
2023-12-04,0.011524488308608239,0.011630548864887635,0.010139215100896225,0.010207403250070197
2023-12-05,0.011815637317403824,0.011495874644696811,0.01018829806091858,0.010258894282766403
2023-12-06,0.011961771071666665,0.011991141240590641,0.010966164868779642,0.010980092028330253
2023-12-07,0.01132255175002822,0.011334492508793663,0.011155984842082559,0.01116926282693482
2023-12-08,0.011669335731194977,0.01145640645969573,0.010885692383531664,0.010794277682805373
2023-12-11,0.011298483493774925,0.011307015373329062,0.010744521507308332,0.010751415978817678
2023-12-12,0.011192754181663763,0.011107470900231713,0.010806177345184523,0.010632030106125751
2023-12-13,0.011329531458375959,0.011266133901640472,0.010784481423302232,0.010776396322498178
2023-12-14,0.010930596156248787,0.010905497672847736,0.010727810969592251,0.010581433914253334
2023-12-15,0.010558654847208509,0.010616365928682514,0.01046515491287143,0.010338293265198037
2023-12-18,0.012332239662215036,0.012496491226286417,0.010331442469605148,0.010213639883805341
2023-12-19,0.011105027593803687,0.011251381883036022,0.011165562053632318,0.011046108727537647
2023-12-20,0.010680513084505914,0.010556633190905922,0.010056691459165103,0.010122614936956542
2023-12-21,0.010354448471695341,0.010614873569707441,0.009980490329469283,0.009993043432969043
2023-12-22,0.01079726178707722,0.010811019033191465,0.010335450413674572,0.010362875890835052
2023-12-26,0.010481781234483543,0.010501222171487011,0.010360530502028658,0.010348352200009731
2023-12-27,0.009950348142408489,0.009888702569709074,0.010002773373045488,0.010040437434688085
2023-12-28,0.00959521768954784,0.009632485357285702,0.009712206565622895,0.009729514440868295
2023-12-29,0.009533223490994945,0.009573823584246355,0.009481180075836924,0.00951878364086237
2024-01-02,0.009175048806173645,0.00921760019343078,0.009230391879121634,0.009261103771752082
2024-01-03,0.009818576735466114,0.009915493017175304,0.009770087844630036,0.009765949834923956
2024-01-04,0.010798287641198518,0.010764141174668857,0.010581490297466365,0.0115368242400453
2024-01-05,0.010135565090348079,0.01001662854231295,0.01092170815425457,0.010459725009776504
2024-01-08,0.010052950187623446,0.01004613532393021,0.01037795980040495,0.010722820148327046
2024-01-09,0.010064743517970364,0.010079041089185309,0.010574534919616716,0.011313936329484733
2024-01-10,0.011122576298347118,0.011036145820887256,0.01254208442099348,0.012861480323776547
2024-01-11,0.01025357445442495,0.010314150854749122,0.01041330121573662,0.010666496797676537
2024-01-12,0.01104574985027944,0.010958005822086678,0.011922818768831327,0.012123011742598548
2024-01-16,0.010607098463859481,0.010601242941684075,0.01048030141769945,0.010685042634352533
2024-01-17,0.01055192183663902,0.010545864396457029,0.010496777455522755,0.010566597784677943
2024-01-18,0.009925084408091632,0.010021373891889259,0.010024863153884959,0.010001294033609052
2024-01-19,0.00998647381684289,0.009977727000886338,0.010167963368311068,0.01008817899038042
2024-01-22,0.010055794086338908,0.009949754339359731,0.010119342925085987,0.010161635277778719
2024-01-23,0.009780292532132504,0.009574932458562025,0.00823087110449844,0.00996371052331012
2024-01-24,0.009955308081844224,0.010053935011019666,0.010474928594917565,0.0104742369169012
2024-01-25,0.009825461081636259,0.009442556233549714,0.008919350627325656,0.008979433253372594
2024-01-26,0.009724496911258295,0.009413070477504766,0.009222950322173299,0.009191213974599745
2024-01-29,0.009245326560327909,0.00923738764496105,0.008902257378195517,0.008912550986241437
2024-01-30,0.009254610069417173,0.009246974542772617,0.01040325732031321,0.00983987474444134
2024-01-31,0.009075914728280303,0.009064117627225319,0.009136474154516147,0.008259697133333434
2024-02-01,0.00975613053895842,0.01006433910096196,0.014233770344019231,0.012745982467347282
2024-02-02,0.010018820405415295,0.01079195239295557,0.016601631591174597,0.015148513214822773
2024-02-05,0.009987149208184195,0.01028424455076064,0.01073758028687968,0.010703786939616308
2024-02-06,0.009946557393252205,0.010403174237527403,0.009968206443062844,0.009898858996577916
2024-02-07,0.009946788541999868,0.01027875381218415,0.00953601405120926,0.009477350057294361
2024-02-08,0.010078603334497414,0.00980945892758588,0.008989886439241524,0.008953446830278189
2024-02-09,0.009766382446298353,0.010187062647891392,0.008491420649196576,0.00902925393821081
2024-02-12,0.009907157557291789,0.009456508061816329,0.009419246631143153,0.00943028225041287
2024-02-13,0.009597946486709545,0.00957427492601234,0.009616795183512668,0.009925911795389951
2024-02-14,0.01009037299955647,0.010041590845467012,0.011228873401653286,0.01089901074648238
2024-02-15,0.010581751875872581,0.010494227070132511,0.011147391657657595,0.011269385928228832
2024-02-16,0.010713969832035179,0.010046628404148463,0.009836251733844026,0.010501363050608194
2024-02-20,0.010126706010497819,0.0096165279865527,0.010479428383424404,0.009550390147545338
2024-02-21,0.010184904049748844,0.009601913711322338,0.010327559586798058,0.009634658244493376
2024-02-22,0.010293085335376451,0.009384304780391067,0.010175862445063712,0.009844345017885317
2024-02-23,0.009703556347104835,0.010490886887540317,0.009496140797907917,0.010293956781345658
2024-02-26,0.009780448755943671,0.010148368555420284,0.010743742757855114,0.010491023474451492
2024-02-27,0.010329920942594837,0.010495042122104394,0.01072486523552279,0.009483767726572997
2024-02-28,0.009560631993961026,0.010196255983765952,0.010458051693220834,0.00946679615492238
2024-02-29,0.01002940350421274,0.009416126801972772,0.009343213709977139,0.009256557818601057
2024-03-01,0.010126462564471209,0.010305164761212777,0.009996154032625996,0.009307801297347795
2024-03-04,0.009374400025316577,0.010195613394406887,0.009983175677968617,0.008950482778255284
2024-03-05,0.009378165141523441,0.009325040449276224,0.009159901962841506,0.008896861083624159
2024-03-06,0.010285136851360418,0.010609518031506095,0.012671104646206358,0.013311760875400805
2024-03-07,0.010408098372267634,0.011556717060579159,0.011970053691836959,0.01300502467712252
2024-03-08,0.010121069016346683,0.010064949929352668,0.010255894276531228,0.010669680483516889
2024-03-11,0.010057715420384816,0.011078205778897076,0.01012969617132462,0.011154719411952493
2024-03-12,0.010041855458531543,0.011031212164152352,0.009808768997802425,0.00999551013590898
2024-03-13,0.010255792867140267,0.011270259460464088,0.010218561431435636,0.011310296308780676
2024-03-14,0.010146951150488522,0.010248208272098219,0.011395269467336225,0.011445927131589926
2024-03-15,0.010374314398868136,0.01042693595865337,0.01185731514258183,0.010461391063460331
2024-03-18,0.010857909941924204,0.01233554613894331,0.010523437254309882,0.012177818210008089
2024-03-19,0.010658814723863567,0.012064181484971584,0.01191894862956061,0.0107312737743472
2024-03-20,0.010627385554980452,0.010680696058805674,0.010646653343744967,0.012133349991258468
2024-03-21,0.012100831381758227,0.010816415264390571,0.011931189907816876,0.010771985265315268
2024-03-22,0.010915805556242822,0.011083940927593754,0.012288370742323883,0.01133803579118241
2024-03-25,0.012499634443090683,0.012856355941543184,0.011714470625239436,0.010547122266932541
2024-03-26,0.01082392186874021,0.011875258618917858,0.011776255943334873,0.012073950947346689
2024-03-27,0.01083834990715471,0.011643393580018402,0.011550380077623261,0.011759823333924698
2024-03-28,0.011164040492198803,0.011334999784429893,0.011345906770842141,0.010554840620986446
2024-04-01,0.010896600112482816,0.011429355046828455,0.011099846417927616,0.011549256922475836
2024-04-02,0.010232329738114642,0.010640141219064156,0.010179386628671013,0.010613601764615463
2024-04-03,0.010126540284846441,0.010142947284306722,0.010507962158877521,0.010077844333581144
2024-04-04,0.010287397534978118,0.010234864383363646,0.010256322867477713,0.010227726403098289
2024-04-05,0.009706056007422956,0.010086824497705621,0.009711576565225649,0.00972085268009235
2024-04-08,0.010095264373487572,0.01004553348762471,0.01008393530836811,0.010142712074265921
2024-04-09,0.00973798994500503,0.009768195212582844,0.00971882705465958,0.010118742187588107
2024-04-10,0.009999343066816846,0.009960223038394271,0.009971955722089329,0.009943778226537168
2024-04-11,0.010117970840320494,0.010167145783588233,0.010059366881963606,0.010211151207839537
2024-04-12,0.010685875712425507,0.0104344962365796,0.010679369861846966,0.010452461996974267
2024-04-15,0.018147299200736062,0.017153864091317573,0.015808061692943045,0.015221367071186674
2024-04-16,0.010681627484473594,0.010683298890927678,0.010365153163056208,0.010447812629301622
2024-04-17,0.012437212115361817,0.011899935081073962,0.013225372341945327,0.012778580323313454
2024-04-18,0.010624507839418932,0.010590867833112557,0.012104241464529548,0.010766735467914165
2024-04-19,0.01119747674438478,0.010704522844301297,0.009617825409733482,0.009684212930530145
2024-04-22,0.009615107309021346,0.011235387764092346,0.01017062653948061,0.010328704636259185
2024-04-23,0.010631296166048155,0.010501618744648982,0.010786821933325018,0.010614348073550148
2024-04-24,0.01037483308503989,0.010535445648347484,0.010332389444814016,0.01051862215434295
2024-04-25,0.010330131349011123,0.010453487502553921,0.010326912242672891,0.010421090610665453
2024-04-26,0.011285041727972803,0.011190552432425055,0.01117115659923654,0.011050842013431568
2024-04-29,0.009859237472867056,0.010169033453471064,0.009829769458101717,0.009959050631302785
2024-04-30,0.010276411822762167,0.010911156364388877,0.010946043235014979,0.010879405446218803
2024-05-01,0.011426782584857301,0.011616990537569387,0.012093003223836041,0.012234053534415024
2024-05-02,0.01163101115345847,0.011300617799785726,0.011509268971160051,0.013042250156142228
2024-05-03,0.011001319064541146,0.011709894891217596,0.012516027089591956,0.012161650396069224
2024-05-06,0.014677938582977532,0.014255531151845188,0.014961460573179866,0.015262170670869496
2024-05-07,0.012981401772451362,0.013386571862695184,0.025054600039653006,0.0211689286228504
2024-05-08,0.012153627057204467,0.012988421186982622,0.011656839362736105,0.012166346605366056
2024-05-09,0.011994271436840561,0.01334671807559596,0.011328612450338636,0.011889114327345907
2024-05-10,0.012458967966495108,0.012657985711257307,0.010997022951239707,0.011437279629507295
2024-05-13,0.011763621144028704,0.011385457534562193,0.011417462209611196,0.011782923102687944
2024-05-14,0.010993491152477133,0.010950589504834926,0.0107545885921116,0.010804400908896965
2024-05-15,0.012205287766812513,0.011881680865994584,0.012265718671781797,0.0123238190173116
2024-05-16,0.010458085125258067,0.010615725836609078,0.010505330765516841,0.010547772346995977
2024-05-17,0.011183488472429495,0.011155328645735691,0.011054367423387175,0.01104896699688776
2024-05-20,0.00977526223150038,0.010042766302537013,0.009828065951691512,0.009863939016191613
2024-05-21,0.009704572990228595,0.009880822267568147,0.009758808090476497,0.009808022435662277
2024-05-22,0.009916131925963917,0.010036227974172704,0.009715062023534182,0.009852591784141667
2024-05-23,0.009800563561807796,0.009956185547187697,0.009480765734512528,0.009636776636452309
2024-05-24,0.010047634728896799,0.010076279557110674,0.00980180197337059,0.009803455765378081
2024-05-28,0.01300002381250137,0.012744232618288208,0.011401113815944535,0.011108498905773846
2024-05-29,0.010783848785629643,0.010803927997724823,0.010356983298297165,0.010430924296765372
2024-05-30,0.007714284538267574,0.007785112995363461,0.00799710084064703,0.008656249919441989
2024-05-31,0.009431352516248081,0.009367566893239471,0.00937727267308093,0.009384648579523053
2024-06-03,0.010152967651714764,0.010369785276218494,0.010638102678606133,0.010748282964319709
2024-06-04,0.009787556399465835,0.009926814289939516,0.01002254305478275,0.010283397331981976
2024-06-05,0.010012018136890441,0.010065231330358805,0.010214864637578766,0.009794155924584486
2024-06-06,0.009751061927754255,0.010132709261419163,0.009784293246028867,0.009846103833203265
2024-06-07,0.00972528497667974,0.00979846429919342,0.009740275811043619,0.00979887500094599
2024-06-10,0.01013878951297319,0.010367335796478203,0.01005825606081584,0.010113467836338586
2024-06-11,0.010141915961707973,0.010398601532146204,0.010157765978332067,0.010022554224507693
2024-06-12,0.012607074850190643,0.013072897874526354,0.01282629659594454,0.012678229411445485
2024-06-13,0.026238953136084223,0.026421446122521636,0.01676898776563253,0.025574464992737616
2024-06-14,0.014822488438535753,0.01477607402820238,0.014347965965490652,0.013769321864008347
2024-06-17,0.011298651204183042,0.01176901464573076,0.009225722501683515,0.010511912578027895
2024-06-18,0.010525728497448322,0.011506696267562674,0.010826977746461667,0.010478232766444745
2024-06-20,0.011634923368752421,0.01130855889629071,0.010703987635315214,0.010673635660904412
2024-06-21,0.01110423183742556,0.010985897620848846,0.010782319786603994,0.010839289750367088
2024-06-24,0.014021155075579871,0.013758466651585708,0.011907524838812996,0.013869883973831603
